date	open	high	low	close	volume	change	ma5	ma10	ma20	v_ma5	v_ma10	v_ma20	symbol	company	list_date	v_change
2018-12-18	0.38	0.39	0.36	0.36	886750	0.0	0.37	0.38	0.39	602022.0	948092.8	1178273.8	TGIF	1933 Industries Inc.	2018-10-01	284728.0
2018-12-18	0.02	0.02	0.02	0.02	457155	0.0	0.02	0.02	0.02	608525.4	547853.1	363640.15	CODE	360 Blockchain Group Inc.	2017-10-10	-151370.4
2018-12-18	0.15	0.15	0.15	0.15	103000	-0.03	0.17	0.16	0.16	49577.6	35533.2	33316.6	JJJ	37 Capital Inc. 	2014-07-07	53422.4
2018-12-18	0.15	0.15	0.15	0.15	0	0.0	0.15	0.15	0.15	0.0	0.0	0.0	SXX	66 Resources Corp.	2018-06-28	0.0
2018-12-18	0.08	0.1	0.08	0.09	166150	-0.01	0.09	0.1	0.09	317796.8	404191.7	780716.2	ATT	Abattis Bioceuticals Corp. 	2010-12-23	-151646.8
2018-12-18	0.02	0.02	0.02	0.02	75000	0.0	0.02	0.03	0.03	15000.0	35010.8	49366.2	AOC	Advantagewon Oil Corp. 	2017-07-13	60000.0
2018-12-18	0.0	0.0	0.0	0.0	0	0.0	0.0	0.01	0.0	0.0	0.0	0.0	ADX	Advantex Marketing International Inc.	2011-03-15	0.0
2018-12-18	0.04	0.04	0.04	0.04	461300	-0.0	0.04	0.04	0.04	306920.8	274806.2	325057.75	AFI	Affinor Growers Inc. 	2014-05-30	154379.2
2018-12-18	0.08	0.08	0.08	0.08	0	0.0	0.08	0.08	0.08	0.0	0.0	0.0	AJN	AJN Resources Inc.	2018-06-12	0.0
2018-10-24	0.06	0.06	0.06	0.06	0	0.0	0.05	0.06	0.05	0.0	0.0	0.0	AMS	Alchemist Mining Inc.	2014-08-20	0.0
2018-12-18	0.1	0.1	0.08	0.08	389724	-0.0	0.09	0.09	0.09	232503.6	217400.3	166324.05	ACG	Alliance Growers Corp.	2015-06-22	157220.4
2018-10-31	0.22	0.22	0.22	0.22	0	0.0	0.22	0.22	0.21	0.0	0.0	0.0	ALQ	ALQ Gold Corp.	2016-09-20	0.0
2018-12-18	0.51	0.51	0.48	0.5	25070	0.0	0.51	0.53	0.52	6414.0	7471.6	12079.55	AHG	Alternate Health Corp. 	2017-01-24	18656.0
2018-12-18	0.06	0.06	0.06	0.06	8500	0.0	0.06	0.06	0.06	60400.0	88275.0	113498.2	USGD	American Pacific Mining Corp.	2018-03-08	-51900.0
2018-12-18	0.6	0.6	0.6	0.6	0	0.0	0.6	0.65	0.62	200.0	2390.0	3035.0	AFD	Ansar Financial and Development Corporation 	2015-03-13	-200.0
2018-12-18	0.26	0.26	0.24	0.24	58800	-0.01	0.25	0.25	0.25	75628.4	49681.3	31135.65	API	Appia Energy Corp. 	2014-06-19	-16828.4
2018-12-18	0.38	0.38	0.38	0.38	0	0.0	0.39	0.39	0.4	3800.0	1900.0	2488.4	ASTI	Aquarius Surgical Technologies Inc.	2017-06-21	-3800.0
2018-12-18	0.22	0.25	0.22	0.24	96000	0.03	0.22	0.23	0.23	44608.8	27504.4	36699.65	AREV	AREV Brands International Ltd. 	2018-09-12	51391.2
2018-12-18	0.18	0.18	0.18	0.18	0	0.0	0.17	0.18	0.18	2000.0	1500.0	4950.0	ARQ	Argo Gold Inc.	2016-09-22	-2000.0
2018-12-18	0.4	0.4	0.4	0.4	0	0.0	0.4	0.39	0.39	0.0	0.0	0.0	ARM	"Armada Mercantile Ltd. 
"	2009-10-15	0.0
2018-12-18	0.02	0.02	0.02	0.02	0	0.0	0.02	0.02	0.02	0.0	0.0	0.0	ARO	Armadillo Resources Ltd.	2011-02-04	0.0
2018-12-18	0.03	0.03	0.03	0.03	0	0.0	0.03	0.04	0.04	13600.0	11200.0	30500.0	ASE	Asante Gold Corporation	2015-05-28	-13600.0
2018-12-18	0.18	0.19	0.17	0.18	642215	0.0	0.18	0.18	0.19	768715.8	632547.6	728548.0	ASNT	Ascent Industries Corp.	2018-08-09	-126500.8
2018-10-24	0.12	0.12	0.12	0.12	0	0.0	0.12	0.13	0.13	0.0	0.0	58155.75	AKE	Atlas Blockchain Group Inc.	2018-07-27	0.0
2018-12-18	0.18	0.18	0.16	0.17	188250	-0.01	0.18	0.19	0.19	45650.0	88175.0	109828.1	BUZZ	Aura Health Corp.	2018-08-16	142600.0
2018-12-18	0.67	0.74	0.67	0.72	478175	0.03	0.73	0.74	0.76	321988.2	320500.3	473065.35	AUSA	Australis Capital Inc. 	2018-09-19	156186.8
2018-12-18	0.16	0.16	0.16	0.16	7000	0.01	0.15	0.16	0.17	22600.0	14900.0	37550.0	AUAG	Auxico Resources Canada Inc.	2017-10-17	-15600.0
2018-12-18	0.05	0.05	0.04	0.04	298080	-0.0	0.05	0.06	0.05	107616.0	103864.1	65932.05	AVM	Avarone Metals Inc.	2016-01-20	190464.0
2018-12-18	0.02	0.02	0.02	0.02	0	0.0	0.02	0.02	0.03	0.0	0.0	150.0	AYL	Aylen Capital Inc. 	2013-09-17	0.0
2018-12-18	0.02	0.02	0.02	0.02	10000	0.0	0.02	0.02	0.02	7600.0	24700.0	47015.0	BAC	BacTech Environmental Corp.	2010-12-02	2400.0
2018-12-18	0.1	0.1	0.09	0.1	598056	-0.01	0.1	0.1	0.1	1043484.4	1171867.3	1613318.75	BE	Beleave Inc. 	2015-12-31	-445428.4
2018-12-18	0.02	0.02	0.02	0.02	105200	0.0	0.02	0.02	0.02	440936.0	266028.0	334606.8	BLGV	Belgravia Capital International Inc.	2017-11-23	-335736.0
2018-12-18	0.31	0.34	0.31	0.34	43600	0.02	0.33	0.33	0.34	42440.0	36698.7	29908.05	BBT	Benchmark Botanics Inc.	2017-11-03	1160.0
2018-12-18	0.04	0.04	0.04	0.04	0	0.0	0.04	0.03	0.04	0.0	0.0	0.0	BKS	Berkley Renewables Inc.	2010-07-21	0.0
2018-12-18	0.11	0.11	0.11	0.11	0	0.0	0.11	0.11	0.12	0.0	0.0	180.0	BXV	Bexar Ventures Inc.	2018-03-27	0.0
2018-12-18	0.08	0.09	0.08	0.08	392725	0.0	0.07	0.07	0.07	165345.0	138218.5	143198.4	BIGG	"BIG Blockchain Intelligence Group Inc.
"	2017-12-06	227380.0
2018-12-18	0.52	0.52	0.52	0.52	0	0.0	0.51	0.48	0.46	24068.0	59884.0	51914.95	CURE	"Biocure Technology Inc.
"	2017-11-29	-24068.0
2018-12-18	0.05	0.05	0.05	0.05	17000	0.0	0.05	0.05	0.05	17800.0	20730.0	10365.0	BUX	BioMark Diagnostics Inc.	2014-11-03	-800.0
2018-12-18	0.76	0.77	0.66	0.66	69327	-0.09	0.66	0.6	0.56	172040.6	108265.8	105346.9	BIO	"Biome Grow Inc.
"	2018-10-09	-102713.6
2018-12-18	0.06	0.06	0.06	0.06	0	0.0	0.06	0.07	0.07	0.0	0.0	0.0	ZRO	"BIOSENTA Inc. 
"	2012-06-06	0.0
2018-12-18	0.04	0.04	0.04	0.04	6000	0.0	0.04	0.04	0.04	58000.0	227571.4	433442.65	BDR	"Bird River Resources Inc. 
"	2011-02-07	-52000.0
2018-10-24	0.09	0.09	0.09	0.09	0	0.0	0.09	0.09	0.09	0.0	0.0	0.0	BRH	"BitRush Corp.
"	2015-09-10	0.0
2018-12-18	0.22	0.22	0.22	0.22	0	0.0	0.22	0.22	0.22	7400.0	7250.0	14880.0	TUSK	Black Tusk Resources Inc.	2017-11-10	-7400.0
2018-12-18	0.28	0.29	0.28	0.29	16000	0.01	0.28	0.29	0.3	44019.6	31339.3	25880.95	BLIS	BlissCo Cannabis Corp.	2018-03-02	-28019.6
2018-12-18	0.05	0.06	0.05	0.05	263737	0.0	0.05	0.05	0.05	72747.4	100173.7	85636.85	BXXX	"Block X Capital Corp,
"	2018-01-24	190989.6
2018-12-18	0.02	0.02	0.02	0.02	69185	-0.01	0.02	0.02	0.02	110777.0	82460.5	92692.25	BCFN	Blockchain Foundry Inc.	2018-05-14	-41592.0
2018-12-18	0.45	0.45	0.45	0.45	0	0.0	0.67	0.84	0.92	800.0	460.0	663.0	BCX	"Blockchain Holdings Ltd.
"	2018-10-12	-800.0
2018-12-18	0.0	0.0	0.0	0.0	550000	0.0	0.0	0.0	0.0	249560.0	147730.0	201455.0	PLAY	"Blocplay Entertainment Inc. 
"	2018-02-02	300440.0
2018-12-18	0.02	0.02	0.02	0.02	44000	0.01	0.03	0.03	0.02	112404.4	76352.2	151995.1	BLK	"BLOK Technologies Inc.
"	2018-02-02	-68404.4
2018-12-18	0.04	0.04	0.04	0.04	232000	0.0	0.04	0.04	0.04	274600.0	321830.9	271246.35	BLOX	Blox Labs Inc.	2017-11-21	-42600.0
2018-12-18	0.04	0.06	0.04	0.06	1139000	0.02	0.04	0.05	0.05	704210.0	401161.0	239623.3	BLVD	BLVD Centers Corporation	2018-06-26	434790.0
2018-12-18	0.64	0.64	0.58	0.6	25720	0.0	0.58	0.59	0.6	53700.0	70771.5	217949.8	BAMM	"Body and Mind Inc.
"	07-De-17	-27980.0
2018-12-18	0.04	0.04	0.04	0.04	0	0.0	0.04	0.05	0.04	0.0	0.0	0.0	BOG	Bougainville Ventures Inc.	2018-08-31	0.0
2018-12-18	0.1	0.1	0.1	0.1	0	0.0	0.1	0.1	0.11	0.0	17003.5	10505.25	BCA	Bradstone Capital Corp. 	2016-03-14	0.0
2018-12-18	0.12	0.12	0.12	0.12	50000	-0.01	0.13	0.13	0.13	52760.0	38211.2	45000.6	BTH	Breathtec BioMedical Inc.	2016-02-01	-2760.0
2018-12-05	0.36	0.37	0.35	0.36	158500	0.0	0.36	0.37	0.39	160730.0	187480.7	157343.7	BZI	Brisio Innovations Inc. 	2014-02-12	-2230.0
2018-12-18	0.06	0.06	0.06	0.06	4080	0.0	0.06	0.06	0.07	26576.0	14388.0	19204.0	BNKR	"Bunker Hill Mining Corp. 
"	2017-11-29	-22496.0
2018-12-18	0.7	0.73	0.69	0.71	100771	0.03	0.73	0.78	0.77	179572.6	352547.2	357223.75	CXXI	C21 Investments Inc. 	2018-06-18	-78801.6
2018-12-18	0.1	0.1	0.1	0.1	0	0.0	0.1	0.1	0.11	108988.0	118904.3	72679.3	LILY	"Callitas Health Inc. 
"	2017-09-20	-108988.0
2018-12-18	0.13	0.14	0.12	0.13	522163	-0.01	0.14	0.14	0.14	454795.4	349062.6	340671.2	CHV	"Canada House Wellness Group Inc.
"	2016-11-09	67367.6
2018-12-18	0.06	0.07	0.06	0.07	42000	0.0	0.07	0.07	0.06	14840.0	21586.7	56560.05	CME	Canadian Metals Inc. 	2013-07-02	27160.0
2018-12-18	0.06	0.06	0.06	0.06	0	0.0	0.05	0.06	0.05	0.0	0.0	0.0	CSQ	Canamex Gold Corp. 	2018-05-07	0.0
2018-12-18	0.93	0.96	0.92	0.92	75226	-0.03	0.97	1.01	1.11	102600.8	82229.3	61466.25	CGOC	Cannabis Growth Opportunity Corporation	2018-01-29	-27374.8
2018-12-18	1.4	1.43	1.38	1.38	124644	0.0	1.41	1.46	1.53	79447.2	84483.9	120806.3	BLO	"Cannabix Technologies Inc.
"	2014-06-24	45196.8
2018-12-18	0.62	0.62	0.54	0.62	11425	-0.03	0.68	0.77	0.83	6850.2	6483.1	8740.55	CANA	CannAmerica Brands Corp.	2018-10-15	4574.8
2018-10-26	6.89	7.33	6.42	7.0	344270	0.0	7.12	6.99	7.32	342366.4	388813.5	541663.25	CRZ	CannaRoyalty Corp.	2016-12-08	1903.6
2018-12-18	0.86	0.91	0.86	0.88	115815	0.05	0.87	0.89	0.9	155531.4	206811.6	211325.6	CNNX	Cannex Capital Holdings Inc.	2018-03-14	-39716.4
2018-12-18	0.96	1.07	0.86	1.07	45164	0.05	1.02	1.01	1.04	40052.8	39840.9	28205.65	PILL	"Canntab Therapeutics Limited
"	2018-04-20	5111.2
2018-12-18	0.27	0.28	0.27	0.28	1500	0.01	0.28	0.28	0.29	22746.4	77824.9	54094.95	MTEC	Cannvas MedTech Inc. 	2018-07-03	-21246.4
2018-12-18	0.1	0.1	0.1	0.1	0	0.0	0.1	0.1	0.09	34120.0	39680.0	39775.0	PWR	Captiva Verde Land Corp.	2018-10-10	-34120.0
2018-12-18	1.05	1.2	0.99	1.05	117104	0.04	1.05	1.07	1.11	79692.4	92665.1	70762.5	CPTR	Captor Capital Corp.	2017-10-30	37411.6
2018-12-18	0.08	0.08	0.07	0.07	15150	0.0	0.08	0.08	0.08	4490.0	84446.0	61812.25	CRL	"Carl Data Solutions Inc.
"	2015-01-21	10660.0
2018-10-24	0.02	0.02	0.02	0.02	0	0.0	0.02	0.02	0.02	0.0	0.0	0.0	OLG	Carlyle Entertainment Ltd.. 	2016-04-04	0.0
2018-12-18	0.1	0.1	0.09	0.09	24000	-0.01	0.1	0.1	0.1	36850.0	27937.5	16818.75	CFE	Cartier Iron Corporation 	2013-01-29	-12850.0
2018-12-18	0.38	0.38	0.38	0.38	0	0.0	0.38	0.38	0.38	0.0	0.0	0.0	CK	"Cascadia Blockchain Group Corp.
"	2018-09-10	0.0
2018-12-18	0.17	0.17	0.17	0.17	0	0.0	0.17	0.16	0.16	544.8	408.6	354.3	CAI	Cautivo Mining Inc.	2017-08-08	-544.8
2018-12-18	0.1	0.1	0.1	0.1	0	0.0	0.1	0.1	0.1	0.0	0.0	0.0	CMS	CDN MSolar Corp.	2014-04-08	0.0
2018-12-18	0.18	0.18	0.16	0.17	414563	-0.01	0.17	0.19	0.23	1579409.0	1749302.7	886526.35	CUBE	"CellCube Energy Storage Systems Inc.
"	2018-05-17	-1164846.0
2018-12-18	0.0	0.0	0.0	0.0	102500	0.0	0.0	0.0	0.01	75300.0	54463.8	145992.0	CEG	Cerro Grande Mining Corporation	2014-08-26	27200.0
2018-12-18	0.03	0.03	0.03	0.03	17000	-0.01	0.03	0.03	0.03	28600.0	96130.8	70516.2	CBP	"Certive Solutions Inc. 
"	2013-10-07	-11600.0
2018-12-18	13.64	13.7	12.62	12.79	304176	-0.54	13.45	13.97	14.68	332049.6	389094.7	440530.6	CWEB	Charlotte's Web Holdings, Inc. 	2018-08-30	-27873.6
2018-12-18	1.0	1.12	0.99	1.04	437950	0.04	1.06	1.07	1.04	158498.0	122996.1	102756.5	CSI	Chemesis International Inc.	2018-07-18	279452.0
2018-12-18	0.59	0.59	0.53	0.54	134053	-0.05	0.58	0.59	0.57	292799.8	286414.8	240187.05	CHM	"Chemistree Technology Inc. 
"	2017-08-04	-158746.8
2018-12-18	0.06	0.06	0.05	0.05	13962	-0.0	0.05	0.06	0.07	115126.4	88915.2	58689.3	CAT	Chimata Gold Corp.	2018-06-11	-101164.4
2018-12-18	0.46	0.48	0.42	0.42	645056	-0.03	0.47	0.51	0.52	599910.4	611144.3	1183571.6	CHOO	Choom Holdings Inc. 	2017-11-22	45145.6
2018-12-18	0.1	0.12	0.1	0.11	280308	0.0	0.11	0.11	0.12	244431.6	202715.6	219769.75	CMC	Cielo Waste Solutions Inc.	2011-08-03	35876.4
2018-12-18	0.21	0.21	0.21	0.21	0	0.0	0.21	0.21	0.21	0.0	0.0	0.0	CIM	CIM International Group Inc. 	2016-05-09	0.0
2018-12-18	0.03	0.03	0.03	0.03	150000	0.0	0.03	0.03	0.03	30000.0	74100.0	37050.0	CNI	Cloud Nine Education Group Ltd. 	2016-12-01	120000.0
2018-12-18	0.05	0.05	0.04	0.04	46000	-0.01	0.05	0.05	0.05	22800.0	19300.0	120800.0	CXC	CMX Gold & Silver Corp. 	2014-12-11	23200.0
2018-12-18	0.37	0.37	0.35	0.35	638372	-0.04	0.39	0.4	0.41	183514.4	113794.3	80678.95	CGN	Cognetivity Neurosciences Ltd.	2018-03-19	454857.6
2018-12-18	0.02	0.02	0.02	0.02	0	0.0	0.02	0.02	0.02	10000.0	425200.0	476100.0	CZC	Copper Reef Mining Corp.	2008-02-22	-10000.0
2018-12-18	0.04	0.04	0.04	0.04	1500	-0.0	0.05	0.05	0.05	300538.8	171814.4	142484.3	CBK	Copperbank Resources Corp 	2014-11-07	-299038.8
2018-12-18	0.95	0.99	0.95	0.99	1250	-0.04	1.02	0.97	0.95	4494.0	3308.0	5210.05	CDVA	CordovaCann Corp.	2018-08-08	-3244.0
2018-12-18	0.36	0.36	0.34	0.34	716894	-0.01	0.36	0.37	0.37	1709160.8	2780396.3	3396157.25	CROP	"Crop Infrastructure Corp.
"	2018-03-13	-992266.8
2018-12-18	0.04	0.04	0.04	0.04	301011	-0.0	0.04	0.04	0.04	78402.2	71637.1	62293.55	NITE	Cryptanite Blockchain Technologies Corp.	2018-03-12	222608.8
2018-12-18	0.1	0.1	0.1	0.1	0	0.0	0.1	0.1	0.1	0.0	0.0	1500.0	CYN	Cyntar Ventures Inc.	2018-05-15	0.0
2018-12-18	0.02	0.02	0.02	0.02	498988	0.0	0.03	0.03	0.03	102970.4	152875.2	116212.6	DDB	Data Deposit Box Inc.  	2015-03-30	396017.6
2018-12-18	0.0	0.0	0.0	0.0	1345	-0.0	0.01	0.01	0.01	23949.0	137539.5	264802.95	DDI	Debut Diamonds Inc.	2011-12-13	-22604.0
2018-12-18	0.17	0.18	0.17	0.18	34000	0.0	0.17	0.17	0.18	52800.0	41790.0	35322.0	LAN	"Declan Cobalt Inc.
"	2016-02-22	-18800.0
2018-12-18	0.22	0.22	0.22	0.22	2200	-0.01	0.23	0.24	0.24	2040.0	1470.0	2085.0	DHC	"Deer Horn Capital Inc.
"	2014-10-07	160.0
2018-12-18	1.95	1.95	1.95	1.95	500	0.0	1.83	1.82	1.74	802.0	1217.4	1305.5	DLMA	"Delma Group Inc., The
"	2018-03-23	-302.0
2018-12-18	0.15	0.15	0.14	0.15	73767	0.0	0.17	0.18	0.16	66553.4	36426.7	21013.35	DVR	Deveron UAS Corp. 	2016-07-19	7213.6
2018-12-18	0.02	0.02	0.02	0.02	1093	0.0	0.02	0.02	0.02	218.6	109.3	1698.65	KDZ	Dizun International Enterprises Inc. 	2012-01-12	874.4
2018-12-18	0.06	0.06	0.05	0.05	163000	0.0	0.05	0.05	0.05	61800.0	91270.0	86288.75	DNI	DNI Metals Inc.	2015-12-24	101200.0
2018-12-18	0.03	0.03	0.03	0.03	12000	0.0	0.03	0.03	0.03	139000.0	98950.0	56750.0	DST	"Dundee Sustainable Technologies Inc.
"	2014-04-08	-127000.0
2018-12-18	0.01	0.01	0.01	0.01	2341	-0.02	0.03	0.03	0.02	468.2	604.6	302.3	EA	"EA Education Group Inc.
"	2015-02-20	1872.8
2018-12-18	0.2	0.2	0.18	0.18	100000	-0.01	0.19	0.2	0.2	75120.0	88279.0	67294.5	EAC	Earth Alive Clean Technologies Inc. 	2014-04-17	24880.0
2018-12-17	0.19	0.19	0.19	0.19	0	0.0	0.19	0.19	0.19	0.0	0.0	0.0	EZNC	Eastern Zinc Corp.	2018-09-04	0.0
2018-12-18	0.07	0.07	0.07	0.07	0	0.0	0.07	0.07	0.07	0.0	0.0	0.0	EZM	"Easy Technologies Inc. 
"	2016-02-05	0.0
2018-12-18	0.17	0.2	0.15	0.2	32500	0.02	0.18	0.18	0.18	25002.0	12676.5	9788.25	EOM	Eco Oro Minerals Corp.	2017-10-24	7498.0
2018-12-18	0.1	0.1	0.09	0.09	40800	-0.02	0.11	0.1	0.1	149160.0	100880.9	95006.6	EPW	Empower Clinics Inc. 	2018-04-30	-108360.0
2018-12-18	0.03	0.03	0.03	0.03	150000	-0.01	0.03	0.03	0.03	70960.0	70500.0	83930.0	TOP	Enertopia Corp. 	2010-08-13	79040.0
2018-12-18	0.94	1.0	0.94	1.0	21200	0.01	0.97	0.96	0.91	18750.8	21771.6	31684.05	ETI	EnviroLeach Technologies Inc.	2017-03-30	2449.2
2018-12-18	0.08	0.08	0.08	0.08	177000	0.0	0.08	0.08	0.08	88800.0	52500.0	67457.25	EPY	"ePlay Digital Inc.
"	2016-11-23	88200.0
2018-12-18	0.18	0.18	0.18	0.18	0	0.0	0.17	0.17	0.18	10823.2	24009.0	31004.5	OPI	ESI Energy Services Inc.	2016-12-01	-10823.2
2018-12-18	0.01	0.01	0.01	0.01	0	0.0	0.01	0.01	0.01	787.2	9590.4	5029.5	EI	Eurogas International Inc.	2009-03-31	-787.2
2018-12-18	0.0	0.0	0.0	0.0	0	0.0	0.0	0.0	0.01	0.0	0.0	0.0	ECU	European Metals Corp 	2014-11-07	0.0
2018-10-24	0.63	0.63	0.63	0.63	0	0.0	0.63	0.63	0.62	0.0	3100.0	69385.25	EVI	"EVI Global Group Developments Corp.
(formerly Blackeagle Development Corp. 15-Sep-15 to 12-Jul-16)"	2016-07-13	0.0
2018-12-18	0.6	0.6	0.6	0.6	20500	0.0	0.6	0.6	0.63	6900.0	7040.0	10525.0	EHC	Eviana Health Corporation 	2017-09-12	13600.0
2018-12-18	0.2	0.2	0.2	0.2	0	0.0	0.19	0.19	0.21	880.0	2240.0	1745.0	EVA	"EVITRADE Health Systems Corp. 
"	2016-09-19	-880.0
2018-10-24	0.08	0.08	0.08	0.08	0	0.0	0.08	0.08	0.07	0.0	0.0	0.0	EVG	Evolving Gold Corp. 	2014-07-25	0.0
2018-12-18	0.04	0.04	0.04	0.04	23500	0.0	0.04	0.04	0.04	209166.0	159619.5	93909.75	XBLK	eXeBlock Technology Corporation	2017-11-16	-185666.0
2018-12-18	0.32	0.32	0.32	0.32	1000	-0.01	0.34	0.34	0.33	13600.0	12578.0	34970.3	EX	Explorex Resources Inc.	2015-04-30	-12600.0
2018-12-18	0.33	0.33	0.28	0.29	130465	-0.03	0.31	0.3	0.28	447017.8	371173.0	268550.55	XRO	Exro Technologies Inc. 	2017-08-29	-316552.8
2018-12-18	0.12	0.12	0.1	0.1	1875790	-0.0	0.1	0.1	0.09	1024616.8	933724.0	750300.0	FDM	"Fandom Sports Media Corp.
"	2016-08-03	851173.2
2018-12-18	0.08	0.08	0.06	0.06	167800	-0.01	0.07	0.07	0.07	204197.6	132876.0	225963.85	FAT	Far Resources Ltd. 	2011-12-12	-36397.6
2018-12-18	0.11	0.12	0.1	0.11	177268	0.0	0.11	0.12	0.12	89678.8	125298.4	108762.6	CALI	FinCanna Capital Corp. 	2017-12-29	87589.2
2018-12-18	0.01	0.01	0.01	0.01	7000	0.0	0.01	0.01	0.01	3000.0	123320.1	127155.05	FNQ	"Fineqia International Inc.
"	2016-11-01	4000.0
2018-12-18	1.37	1.4	1.3	1.34	98030	-0.02	1.38	1.39	1.37	73793.2	91002.2	108461.65	FONE	Flower One Holdings Inc.	2018-10-10	24236.8
2018-12-18	0.09	0.09	0.08	0.09	32500	-0.05	0.13	0.14	0.14	6500.0	3900.0	7475.0	FOG	FogChain Corp.	2018-05-29	26000.0
2018-12-18	0.28	0.28	0.28	0.28	0	0.0	0.27	0.26	0.25	800.0	400.0	1900.0	FNAU	Four Nines Gold Inc.	2017-08-31	-800.0
2018-12-18	0.06	0.06	0.06	0.06	0	0.0	0.06	0.06	0.06	0.0	10300.0	15150.0	FOX	Fox River Resources Corporation 	2016-02-02	0.0
2018-12-18	0.29	0.3	0.28	0.29	3839742	0.0	0.29	0.3	0.3	5201107.6	5376471.2	6168944.8	HUGE	FSD Pharma Inc. Class B Voting	2018-05-29	-1361365.6
2018-12-18	0.23	0.24	0.21	0.23	285882	0.0	0.24	0.25	0.26	315142.0	316650.6	326428.5	FFT	Future Farm Technologies Inc.	2017-02-02	-29260.0
2018-12-18	0.35	0.39	0.35	0.39	9500	0.01	0.39	0.39	0.38	9380.0	18830.0	59142.5	GABY	Gabriella's Kitchen Inc.	2018-09-05	120.0
2018-12-18	0.05	0.05	0.05	0.05	0	0.0	0.05	0.05	0.05	0.0	0.0	0.0	GCA	Gencan Capital Inc. 	2015-10-30	0.0
2018-12-18	0.12	0.12	0.12	0.12	45000	0.02	0.1	0.1	0.11	11600.0	8110.0	6368.0	GENM	Generation Mining Limited 	2018-05-09	33400.0
2018-12-18	0.04	0.04	0.04	0.04	0	0.0	0.05	0.05	0.05	12294.8	9391.6	5253.8	GGC	Generic Gold Corp. 	2018-03-01	-12294.8
2018-10-17	0.32	0.32	0.32	0.32	0	0.0	0.32	0.32	0.32	0.0	0.0	0.0	GNI	"Genius Properties Ltd.
"	2014-02-13	0.0
2018-12-18	0.17	0.17	0.14	0.14	259000	-0.03	0.19	0.2	0.19	213400.0	139100.0	135526.0	GTCH	"Getchell Gold Corp.
"	2018-08-27	45600.0
2018-12-18	0.16	0.17	0.16	0.16	94901	-0.01	0.17	0.17	0.18	187840.2	126397.0	98029.65	GET	Glance Technologies Inc. 	2016-09-07	-92939.2
2018-12-18	0.01	0.01	0.01	0.01	63179	0.0	0.01	0.01	0.01	971057.8	710684.3	565991.65	FORK	Global Blockchain Mining Corp.	2018-07-18	-907878.8
2018-10-26	0.08	0.08	0.08	0.08	379218	0.0	0.08	0.08	0.1	496744.0	389544.5	560922.65	BLOC	Global Blockchain Technologies Corp.	2018-01-22	-117526.0
2018-12-18	0.12	0.12	0.12	0.12	259169	-0.0	0.12	0.12	0.12	166493.8	134318.0	200382.25	APP	"Global Cannabis Applications Corp.
"	2017-04-18	92675.2
2018-12-18	0.13	0.13	0.13	0.13	3501	-0.01	0.13	0.14	0.13	5300.2	14899.0	33161.05	MJRX	Global Health Clinics Ltd.	2018-08-29	-1799.2
2018-12-18	0.14	0.15	0.14	0.14	484118	-0.01	0.14	0.15	0.14	605424.8	2745725.8	2181235.65	GHG	"Global Hemp Group Inc. 
"	2014-03-25	-121306.8
2018-12-18	0.06	0.07	0.06	0.06	446000	-0.01	0.07	0.07	0.08	143600.0	96850.0	51661.15	LION	"Global Li-Ion Graphite Corp. 
"	2017-07-14	302400.0
2018-12-18	0.04	0.04	0.03	0.03	906600	-0.01	0.04	0.04	0.04	277820.0	301935.2	366020.5	UAV	"Global UAV Technologies Ltd. 
"	2014-09-11	628780.0
2018-12-18	0.6	0.6	0.6	0.6	0	0.0	0.6	0.6	0.6	0.0	0.0	150.0	GCIT	Glorious Creation Limited 	2017-08-31	0.0
2018-12-18	0.22	0.22	0.22	0.22	0	0.0	0.25	0.28	0.27	13600.0	7900.0	5802.0	GOCO	"Go Cobalt Mining Corp.
"	2018-06-14	-13600.0
2018-12-18	0.13	0.13	0.12	0.12	906272	0.0	0.12	0.13	0.13	652349.2	774244.0	635512.35	GLH	Golden Leaf Holdings Ltd. 	2015-10-14	253922.8
2018-12-18	0.04	0.04	0.04	0.04	63350	0.0	0.04	0.04	0.04	15070.0	8835.0	7415.0	GOR	Goldrea Resources Corp. 	2014-07-30	48280.0
2018-12-18	0.1	0.1	0.09	0.09	212000	0.0	0.09	0.1	0.12	42800.0	44900.0	22600.0	MPLS	GoverMedia Plus Canada Corp.	2018-03-01	169200.0
2018-12-18	0.16	0.16	0.16	0.16	0	0.0	0.15	0.15	0.15	0.0	0.0	0.0	GPK	Grand Peak Capital Corp	2014-09-15	0.0
2018-12-18	0.04	0.04	0.04	0.04	3000	-0.01	0.04	0.04	0.04	3160.0	2730.0	7044.7	GRE	Graphite Energy Corp.	2017-10-13	-160.0
2018-12-18	0.03	0.03	0.03	0.03	9000	0.0	0.02	0.03	0.03	73300.0	70790.0	53995.0	GFI	Gravitas Financial Inc. 	2013-07-08	-64300.0
2018-12-18	0.06	0.06	0.06	0.06	86778	0.0	0.06	0.06	0.06	35195.6	21487.8	17521.4	GTBE	Green 2 Blue Energy Corp. 	2017-12-28	51582.4
2018-12-18	0.06	0.06	0.06	0.06	0	0.0	0.06	0.06	0.06	0.0	1000.0	3300.0	CCR	"Green River Gold Corp.  
"	2017-09-08	0.0
2018-12-18	12.55	12.86	11.97	12.25	360244	0.0	12.55	13.0	13.16	166023.2	139469.1	137711.45	GTII	Green Thumb Industries Inc. 	2018-06-13	194220.8
2018-12-18	0.3	0.3	0.3	0.3	0	0.0	0.3	0.3	0.3	0.0	0.0	0.0	GBC	GreenBank Capital Inc. 	2013-04-17	0.0
2018-12-18	0.4	0.4	0.4	0.4	0	0.0	0.4	0.4	0.4	0.0	0.0	0.0	GVG	Grenville Gold Corp.	2018-10-16	0.0
2018-12-18	9.9	9.9	9.9	9.9	0	0.0	9.9	9.9	9.9	0.0	0.0	0.0	GPC	"Gunpowder Capital Corp.
"	2016-05-18	0.0
2018-12-18	0.04	0.04	0.04	0.04	420800	0.0	0.04	0.05	0.04	354540.0	225806.7	158836.9	HS	HealthSpace Data Systems Ltd.  	2015-11-30	66260.0
2018-12-18	0.1	0.1	0.1	0.1	150000	-0.04	0.13	0.12	0.11	30400.0	15300.0	7650.0	HP	Hello Pal International Inc. 	2016-05-13	119600.0
2018-12-18	0.18	0.18	0.16	0.16	1796738	-0.02	0.18	0.18	0.18	834808.4	856764.8	1022163.65	CANN	"Heritage Cannabis Holdings Corp.
"	2018-01-10	961929.6
2018-12-18	0.58	0.58	0.58	0.58	0	0.0	0.58	0.58	0.59	0.0	0.0	975.0	HGP	Heritage Global Inc.	2014-04-29	0.0
2018-12-18	0.26	0.26	0.2	0.24	378691	-0.02	0.26	0.26	0.29	609497.0	651154.1	948826.7	HC	"High Hampton Holdings Corp.
"	2017-09-15	-230806.0
2018-12-18	0.04	0.04	0.04	0.04	0	0.0	0.03	0.04	0.04	9200.0	12300.0	11550.0	HHS	HiHo Silver Resources Inc.	2006-08-31	-9200.0
2018-12-18	0.09	0.09	0.07	0.08	269000	-0.02	0.1	0.1	0.09	150000.0	161530.0	129625.0	CYBX	"Hilltop Cybersecurity Inc.
"	2018-02-26	119000.0
2018-12-18	0.26	0.26	0.26	0.26	29000	-0.02	0.27	0.26	0.26	7800.0	3900.0	6050.0	SIX	Hydro66 Holdings Corp. 	2018-06-13	21200.0
2018-12-18	0.04	0.04	0.04	0.04	194378	0.0	0.03	0.04	0.04	205066.8	263984.8	434970.15	HYPR	HyperBlock Inc.	2018-07-11	-10688.8
2018-12-18	5.68	5.89	5.56	5.66	140156	-0.14	5.76	5.75	5.9	220542.8	203688.8	245077.55	IAN	iAnthus Capital Holdings Inc.	07-Se-16	-80386.8
2018-12-18	0.41	0.43	0.39	0.43	2108079	0.04	0.4	0.4	0.43	976806.6	1053908.7	1181902.5	WRLD	"ICC International Cannabis Corp.
"	2018-09-26	1131272.4
2018-12-18	0.18	0.18	0.18	0.18	0	0.0	0.18	0.18	0.18	0.0	0.0	0.0	ITV	"ICTV Brands, Inc.
"	2014-04-21	0.0
2018-12-18	0.1	0.1	0.1	0.1	0	0.0	0.1	0.11	0.11	0.0	799.8	87101.55	ITKO	"Idaho Champion Gold Mines Canada Inc.
"	2018-09-27	0.0
2018-12-18	0.07	0.07	0.07	0.07	2500	0.01	0.07	0.06	0.06	38100.0	22420.0	26575.4	IGN	IGEN Networks Corp.	2015-03-25	-35600.0
2018-12-18	0.14	0.14	0.14	0.14	428400	-0.0	0.14	0.13	0.12	614509.2	482385.3	566640.6	IME	"Imagin Medical Inc.
"	2016-02-24	-186109.2
2018-12-18	0.1	0.1	0.09	0.09	46500	-0.01	0.1	0.1	0.11	69300.0	59300.0	138150.0	IP	"Imagination Park Entertainment Inc.
"	2016-05-09	-22800.0
2018-12-18	0.14	0.16	0.14	0.14	1010318	-0.02	0.16	0.18	0.19	836126.4	531308.1	384011.0	ISH	Inner Spirit Holdings Ltd.	2018-08-01	174191.6
2018-12-06	0.41	0.43	0.4	0.42	39000	0.0	0.41	0.42	0.43	25200.0	102414.2	222744.7	INR	Innovative Properties Inc. 	2014-09-03	13800.0
2018-12-18	0.02	0.02	0.02	0.02	0	0.0	0.03	0.03	0.02	0.0	0.0	0.0	ISM	Inspiration Mining Corporation 	2016-02-05	0.0
2018-12-18	0.44	0.47	0.43	0.43	117970	-0.01	0.45	0.49	0.49	84148.4	112379.8	111942.85	ICAN	"Integrated Cannabis Company Inc.
"	2018-06-08	33821.6
2018-12-18	0.09	0.09	0.09	0.09	3010	0.01	0.09	0.09	0.09	20762.0	114021.0	77050.5	IEQ	IntellaEquity Inc.	2018-10-04	-17752.0
2018-12-18	0.16	0.17	0.16	0.17	14633	0.02	0.16	0.16	0.16	102726.6	108999.0	96049.5	IBAT	"International Battery Metals Ltd.  
"	2017-08-29	-88093.6
2018-12-18	0.09	0.09	0.08	0.09	224565	0.0	0.09	0.09	0.09	346434.2	471058.3	352658.7	JUJU	"International Cannabrands Inc.
"	2017-12-05	-121869.2
2018-12-18	0.04	0.04	0.04	0.04	47081	0.0	0.04	0.04	0.04	93616.2	235668.1	221763.65	CO	"International Cobalt Corp.
"	2017-03-29	-46535.2
2018-12-18	1.61	1.64	1.55	1.57	84449	-0.03	1.61	1.63	1.63	60354.6	59964.1	45083.9	IRV	Irving Resources Inc. 	2015-12-23	24094.4
2018-12-18	1.64	1.73	1.49	1.54	770668	-0.09	1.68	1.84	1.78	1005046.0	1582267.9	1523193.85	ISOL	"Isodiol International Inc.
"	2017-06-09	-234378.0
2018-12-18	0.4	0.4	0.4	0.4	5000	0.0	0.4	0.4	0.4	1000.0	500.0	1750.0	IZO	Izotropic Corporation	2018-06-04	4000.0
2018-12-18	0.02	0.02	0.02	0.02	0	0.0	0.02	0.02	0.02	0.0	0.0	0.0	JEM	Jagercor Energy Corp.	2013-08-02	0.0
2018-12-18	0.16	0.16	0.16	0.16	0	0.0	0.16	0.16	0.16	0.0	0.0	600.0	JBR	James Bay Resources Limited  	2014-10-30	0.0
2018-12-18	0.06	0.06	0.06	0.06	0	0.0	0.06	0.06	0.06	400.0	1700.0	14550.0	KRI	Khan Resources Inc.	2012-05-14	-400.0
2018-12-18	0.34	0.35	0.28	0.28	979925	-0.06	0.33	0.35	0.37	521622.6	561283.2	578279.5	KBEV	"Koios Beverage Corp.
"	2018-05-01	458302.4
2018-12-18	0.65	0.65	0.63	0.63	25971	-0.02	0.63	0.62	0.63	31794.2	24290.9	18750.55	KNR	"Kontrol Energy Corp.
"	2016-08-09	-5823.2
2018-12-18	0.07	0.07	0.07	0.07	18140	0.01	0.07	0.08	0.07	6284.8	12190.4	15495.2	ZNK	"Kootenay Zinc Corp. 
"	2016-10-05	11855.2
2018-12-18	0.01	0.01	0.0	0.0	306000	-0.0	0.01	0.01	0.01	367400.0	263000.0	385490.0	KWG	KWG Resources Inc.	2009-12-31	-61400.0
2018-12-18	0.06	0.06	0.06	0.06	0	0.0	0.06	0.06	0.06	8400.0	6300.0	3150.0	LAI	La Imperial Resources Inc.	2007-12-14	-8400.0
2018-12-18	0.16	0.16	0.16	0.16	0	0.0	0.16	0.16	0.18	0.0	0.0	312.45	LLL	Lanebury Growth Capital Ltd. 	2017-11-21	0.0
2018-12-18	0.06	0.06	0.06	0.06	384500	0.0	0.07	0.06	0.05	703220.0	507997.5	319223.1	LLP	"LeanLife Health Inc.
"	2018-01-15	-318720.0
2018-10-24	0.17	0.17	0.17	0.17	0	0.0	0.17	0.17	0.17	0.0	0.0	0.0	LEGN	Legion Metals Corp. 	2017-09-18	0.0
2018-12-18	0.39	0.39	0.36	0.36	6500	-0.06	0.42	0.42	0.4	22740.0	22600.0	34290.0	EPIC	"Leviathan Cannabis Group Inc.
"	2018-04-16	-16240.0
2018-12-18	1.4	1.46	1.38	1.38	68444	-0.05	1.42	1.42	1.48	64834.4	53702.3	66804.45	LXX	"Lexaria Bioscience Corp.
"	2009-10-28	3609.6
2018-12-18	0.14	0.14	0.14	0.14	2195	0.04	0.13	0.13	0.12	20036.6	16598.3	10567.55	LNB	Lexington Biosciences Inc. 	2017-05-09	-17841.6
2018-12-18	0.95	0.99	0.93	0.98	1201660	0.04	0.98	1.0	1.0	982403.6	1211304.9	2101346.7	LHS	"Liberty Health Sciences Inc.
"	2017-07-26	219256.4
2018-12-18	0.09	0.1	0.08	0.1	215000	0.0	0.1	0.1	0.11	181745.2	156492.9	125130.35	LIB	"Liberty Leaf Holdings Ltd.
"	2016-10-21	33254.8
2018-12-18	0.36	0.38	0.34	0.37	177496	0.02	0.37	0.39	0.38	155015.6	144614.5	241838.8	LDS	Lifestyle Delivery Systems Inc. 	2015-05-06	22480.4
2018-12-18	0.19	0.19	0.19	0.19	5000	-0.01	0.21	0.22	0.19	11678.0	14539.0	10889.5	LLT	"Litelink Technologies Inc.
"	2018-08-21	-6678.0
2018-10-24	0.04	0.04	0.04	0.04	0	0.0	0.04	0.04	0.04	0.0	0.0	49240.0	LOTO	LottoGopher Holdings Inc.	2017-05-23	0.0
2018-12-18	0.2	0.2	0.17	0.17	206200	-0.01	0.18	0.18	0.18	70809.2	101458.6	158074.0	J	Lotus Ventures Inc.  	2014-12-08	135390.8
2018-12-18	0.06	0.06	0.06	0.06	0	0.0	0.06	0.06	0.06	0.0	0.0	31250.0	MPV	M.P.V. Explorations Inc.	2018-05-03	0.0
2018-12-18	0.1	0.1	0.1	0.1	0	0.0	0.1	0.1	0.1	11200.0	11550.0	13325.0	MDD	"Mag One Products Inc.
"	2015-05-28	-11200.0
2018-12-18	0.04	0.04	0.04	0.04	0	0.0	0.04	0.04	0.05	0.0	39000.0	21854.55	MKNA	Makena Resources Inc.	2017-09-14	0.0
2018-10-24	0.33	0.33	0.28	0.3	794487	0.0	0.31	0.32	0.36	899492.4	1174741.6	1240738.8	MDM	Marapharm Ventures Inc	2015-05-08	-105005.4
2018-12-18	0.88	1.05	0.88	1.05	2099628	0.12	0.98	1.02	1.09	1588189.6	1372100.4	1028355.05	WAYL	"Maricann Group Inc
"	2018-09-25	511438.4
2018-12-18	0.1	0.1	0.08	0.09	588142	-0.01	0.09	0.1	0.1	403327.2	345700.4	412401.0	MMJ	"Matica Enterprise Inc.
"	2014-07-04	184814.8
2018-12-18	0.14	0.16	0.14	0.16	16500	0.01	0.15	0.15	0.17	21700.0	39509.0	29307.0	MVT	Maxtech Ventures Inc. 	2013-07-02	-5200.0
2018-12-18	0.02	0.02	0.02	0.02	0	0.0	0.03	0.03	0.02	0.0	0.0	32500.0	MCL	McLaren Resources Inc.	2007-09-11	0.0
2018-12-18	0.06	0.06	0.06	0.06	0	0.0	0.06	0.06	0.06	0.0	0.0	0.0	MEC	"ME Resources Corp. 
"	2011-09-06	0.0
2018-12-18	0.03	0.03	0.03	0.03	53500	0.0	0.03	0.03	0.03	11600.0	76132.5	109649.3	MAY	Meadow Bay Gold Corporation	2018-03-02	41900.0
2018-12-18	4.09	4.19	3.9	4.0	692617	0.05	4.07	4.17	4.31	651861.8	757790.5	1100949.9	MMEN	MedMen Enterprises Inc. Class B	2018-05-29	40755.2
2018-12-18	0.16	0.16	0.16	0.16	500	0.0	0.15	0.16	0.17	500.0	3300.0	12695.0	NSAU	"MegumaGold Corp.
"	2018-06-04	0.0
2018-12-18	0.02	0.02	0.02	0.02	40368	0.0	0.01	0.01	0.01	9833.6	4916.8	2858.4	MYR	Meryllion Resources Corporation	2015-05-15	30534.4
2018-12-18	0.18	0.18	0.18	0.18	0	0.0	0.18	0.19	0.23	0.0	80.0	120.0	MMI	"Metalo Manufacturing Inc. 
"	2015-12-16	0.0
2018-12-18	0.41	0.41	0.34	0.36	581738	-0.05	0.41	0.43	0.46	350906.8	293499.5	252892.9	XMG	MGX Minerals Inc. 	2014-10-07	230831.2
2018-12-18	0.04	0.04	0.04	0.04	116500	0.0	0.05	0.05	0.05	150172.4	118621.7	88282.15	MRM	Micromem Technologies Inc. 	2009-01-21	-33672.4
2018-12-18	0.28	0.28	0.26	0.27	114971	-0.01	0.28	0.29	0.3	88362.2	76028.1	80786.85	MWM	"Micron Waste Technologies Inc.
"	2017-10-26	26608.8
2018-10-26	0.25	0.25	0.25	0.25	10000	0.0	0.25	0.25	0.25	6000.0	3000.0	12750.0	STV	Midnight Star Ventures Corp. 	2015-08-04	4000.0
2018-12-18	0.07	0.07	0.07	0.07	0	0.0	0.07	0.07	0.06	0.0	11880.0	9860.0	MIRL	Minera IRL Limited 	2017-02-03	0.0
2018-12-18	0.28	0.33	0.28	0.3	35000	0.0	0.31	0.32	0.3	145440.0	174276.5	127513.25	MONT	Miramont Resources Corp.	2017-03-27	-110440.0
2018-12-18	0.03	0.03	0.02	0.02	16000	-0.0	0.03	0.03	0.02	7200.0	34350.0	25125.0	MIS	"Mistango River Resources Inc.
"	2011-03-21	8800.0
2018-12-18	0.08	0.08	0.08	0.08	0	0.0	0.08	0.08	0.08	0.0	0.0	0.0	MOG	MOAG Copper Gold Resources Inc. 	2012-01-09	0.0
2018-12-18	0.04	0.04	0.04	0.04	8000	-0.01	0.05	0.05	0.05	11600.0	52450.0	95782.5	MY	Montego Resources Inc.	2015-02-13	-3600.0
2018-12-18	0.9	0.91	0.85	0.87	599784	-0.03	0.88	0.88	0.9	671918.4	776727.1	1003298.15	MPX	"MPX Bioceutical Corporation
"	2017-11-06	-72134.4
2018-12-18	0.56	0.62	0.55	0.59	303199	0.02	0.63	0.67	0.62	366541.8	663765.1	472058.45	MYM	"MYM Nutraceuticals Inc.
"	2014-09-19	-63342.8
2018-12-18	0.24	0.24	0.22	0.24	17200	0.0	0.25	0.27	0.27	97091.6	84774.7	77142.2	NSHS	NanoSphere Health Sciences Inc.	2017-12-05	-79891.6
2018-12-18	0.06	0.06	0.06	0.06	0	0.0	0.06	0.06	0.06	0.0	0.0	0.0	NVG	Nass Valley Gateway Ltd.	2007-03-09	0.0
2018-12-18	0.3	0.3	0.3	0.3	0	0.0	0.3	0.3	0.3	0.0	0.0	0.0	SUV	Navis Resources Corp	2013-12-27	0.0
2018-12-18	0.8	0.83	0.72	0.76	58326	-0.05	0.85	0.88	0.89	39632.8	26692.8	29641.95	NC	NetCents Technology Inc. 	2016-03-09	18693.2
2018-12-18	0.11	0.11	0.1	0.1	562980	-0.01	0.11	0.11	0.11	864432.0	578006.9	718212.1	NETC	"Netcoins Holdings Inc.
"	2018-08-30	-301452.0
2018-12-18	0.06	0.06	0.06	0.06	569802	0.0	0.06	0.07	0.07	1485657.6	1241205.3	1171619.65	NF	New Age Farm Inc. 	2014-08-18	-915855.6
2018-12-18	0.17	0.17	0.17	0.17	0	0.0	0.17	0.17	0.17	0.0	0.0	0.0	NJMC	New Jersey Mining Company 	2018-06-19	0.0
2018-12-18	0.04	0.04	0.03	0.03	1008000	-0.01	0.03	0.03	0.03	205600.0	157025.8	145936.5	NTM	"New Tech Lithium Corp.
"	2018-01-22	802400.0
2018-12-18	0.03	0.03	0.03	0.03	20000	-0.02	0.05	0.05	0.05	4000.0	2000.0	1000.0	LUX	Newlox Gold Ventures Corp.	2012-10-17	16000.0
2018-12-18	0.09	0.09	0.09	0.09	12000	0.0	0.09	0.09	0.09	2400.0	1200.0	600.0	NXU	Nexco Resources Inc.	2017-05-04	9600.0
2018-12-18	0.34	0.34	0.3	0.31	193561	-0.04	0.35	0.36	0.37	128902.2	103066.1	123214.05	NGW	Next Green Wave Holdings Inc.	2018-10-10	64658.8
2018-12-18	0.35	0.35	0.35	0.35	0	0.0	0.35	0.35	0.35	0.0	0.0	0.0	NOM	"Norsemont Capital Inc.
"	2016-02-16	0.0
2018-12-18	0.22	0.22	0.2	0.22	39202	0.0	0.21	0.21	0.22	126135.6	92600.8	110530.8	NBUD	North Bud Farms Inc	2018-09-20	-86933.6
2018-12-18	0.02	0.02	0.02	0.02	224000	0.0	0.02	0.03	0.03	390604.4	199902.2	108357.55	NSM	"Northern Sphere Mining Corp.  
"	2015-08-24	-166604.4
2018-11-23	0.21	0.21	0.21	0.21	0	0.0	0.21	0.21	0.21	0.0	0.0	0.0	NVS	"Novicius Corp. 
"	2016-11-18	0.0
2018-12-18	0.06	0.06	0.06	0.06	90500	0.0	0.06	0.05	0.05	277380.0	252550.0	234900.0	NUR	Nuran Wireless Inc. 	2015-09-22	-186880.0
2018-12-18	0.18	0.18	0.17	0.18	323551	-0.01	0.18	0.19	0.2	466371.4	358898.5	382509.5	EAT	"Nutritional High International Inc.
"	2015-03-23	-142820.4
2018-12-18	0.19	0.19	0.19	0.19	20500	-0.01	0.2	0.2	0.19	59390.0	68949.0	58181.85	OWLI	"One World Lithium Inc.
"	2018-01-19	-38890.0
2018-12-18	0.02	0.02	0.02	0.02	58000	-0.01	0.02	0.02	0.02	11600.0	5800.0	2900.0	OPC	"Organic Potash Corporation
"	2012-10-01	46400.0
2018-10-24	1.0	1.0	1.0	1.0	0	0.0	1.0	1.0	1.02	0.0	0.0	15.0	URG	Oriental Non-Ferrous Resources Development Inc. 	2016-03-18	0.0
2018-12-18	0.44	0.44	0.4	0.4	3500	-0.04	0.38	0.35	0.34	4230.0	3090.0	3937.0	ORI	Orion Nutraceuticals Inc.	2018-10-17	-730.0
2018-12-18	0.27	0.28	0.27	0.28	3200	0.01	0.26	0.25	0.25	14240.0	9620.0	8675.0	ORTH	Ortho Regenerative Technologies Inc. 	2017-10-10	-11040.0
2018-12-18	0.14	0.14	0.12	0.13	49600	-0.01	0.13	0.13	0.13	77864.0	74020.7	68543.05	BOLT	Pacific Rim Cobalt Corp. 	2017-10-24	-28264.0
2018-12-18	0.24	0.24	0.22	0.22	252500	-0.01	0.24	0.24	0.24	160213.2	221102.0	188046.7	PKG	"ParcelPal Technology Inc.
"	2016-03-22	92286.8
2018-12-18	8.85	8.85	8.85	8.85	0	0.0	8.85	8.85	8.85	0.0	0.0	0.0	PRL	Park Lawn Company Limited	2004-01-02	0.0
2018-12-18	0.08	0.08	0.08	0.08	49000	0.0	0.07	0.08	0.08	20200.0	13500.0	7950.0	PSE	"Pasinex Resources Limited 
"	2012-03-30	28800.0
2018-12-14	0.1	0.1	0.1	0.1	0	0.0	0.1	0.1	0.09	0.0	0.0	0.0	PGOL	Patriot Gold Corp.	2017-05-10	0.0
2018-12-18	0.02	0.03	0.02	0.03	53000	0.0	0.03	0.03	0.03	46012.4	54606.2	377616.4	PKK	Peak Positioning Technologies Inc. 	2015-10-23	6987.6
2018-12-18	0.11	0.14	0.1	0.1	250900	-0.01	0.12	0.13	0.13	70780.0	50890.0	70613.2	BEAN	Peekaboo Beans Inc. 	2018-09-04	180120.0
2018-12-18	0.1	0.1	0.1	0.1	5000	0.0	0.1	0.1	0.1	6720.0	9490.0	4945.0	PMC	"Peloton Minerals Corporation
"	2016-07-18	-1720.0
2018-12-18	0.2	0.2	0.19	0.19	46500	0.0	0.19	0.2	0.22	89419.2	62030.0	34477.0	OIL	Permex Petroleum Corporation	2018-05-15	-42919.2
2018-12-18	0.62	0.62	0.58	0.62	54469	0.0	0.65	0.67	0.68	132799.8	149457.2	138166.1	VIDA	Phivida Holdings Inc.	2017-12-19	-78330.8
2018-12-18	0.1	0.1	0.1	0.1	0	0.0	0.11	0.12	0.13	800.0	1400.0	1700.0	PIVT	Pivit Exploration Inc. 	2018-05-09	-800.0
2018-12-18	0.35	0.39	0.29	0.31	130350	0.01	0.31	0.33	0.36	55262.0	58876.5	62242.75	PVOT	Pivot Pharmaceuticals Inc.	2017-12-19	75088.0
2018-12-18	0.18	0.18	0.18	0.18	0	0.0	0.18	0.18	0.18	208.0	104.0	2301.75	NPT	Plaintree Systems Inc.	2008-09-24	-208.0
2018-12-18	1.26	1.3	1.24	1.25	126924	0.02	1.23	1.25	1.36	267244.0	358523.3	316157.45	PLTH	Planet 13 Holdings Inc.	2018-06-21	-140320.0
2018-12-18	0.04	0.05	0.04	0.05	55000	-0.0	0.05	0.05	0.05	27600.0	18710.0	20917.5	PTX	Platinex Incorporation	2017-03-20	27400.0
2018-12-18	0.04	0.04	0.04	0.04	0	0.0	0.04	0.03	0.04	0.0	0.0	18262.5	PDTI	"Preferred Dental Technologies Inc.
"	2017-12-21	0.0
2018-12-18	0.97	0.98	0.89	0.9	115609	-0.08	0.96	0.97	0.97	146795.8	216391.9	358318.2	PHGI	Premier Health Group Inc. 	2017-11-29	-31186.8
2018-12-18	0.06	0.06	0.05	0.05	855145	-0.01	0.06	0.06	0.06	459775.8	459585.4	669597.85	PREV	"PreveCeutical Medical Inc.
"	2017-07-14	395369.2
2018-12-18	0.03	0.03	0.03	0.03	63000	0.0	0.03	0.03	0.03	12600.0	8600.0	7050.0	PRIM	"Primary Energy Metals Inc.
"	2018-09-04	50400.0
2018-10-24	0.8	0.8	0.8	0.8	0	0.0	0.8	0.8	0.81	0.0	1530.0	885.0	PRI	PrimeWest Mortgage Investment Corporation 	2016-03-10	0.0
2018-12-18	0.18	0.23	0.18	0.23	20500	0.03	0.23	0.2	0.18	52088.0	32794.0	20297.0	PAU	Provenance Gold Corp. 	2017-10-12	-31588.0
2018-12-18	0.7	0.7	0.7	0.7	0	0.0	0.7	0.68	0.62	1804.4	2323.1	1882.45	PDO	PUDO Inc. 	2015-07-28	-1804.4
2018-11-23	0.18	0.18	0.17	0.18	557908	0.0	0.18	0.18	0.38	401868.8	518945.1	674832.15	PUF	PUF Ventures Inc	2014-06-19	156039.2
2018-12-18	1.65	1.65	1.65	1.65	0	0.0	1.62	1.59	1.58	7064.0	10453.4	11614.3	PUSH	"Pushfor Investments Inc. 
"	2018-10-16	-7064.0
2018-12-18	0.14	0.14	0.14	0.14	15985	0.0	0.14	0.15	0.16	21799.0	67470.0	84305.35	QCC	"Quadron Cannatech Corporation
"	2017-02-24	-5814.0
2018-12-18	0.04	0.04	0.04	0.04	3000	-0.01	0.05	0.05	0.06	63320.0	56350.0	55187.65	QBOT	"Quantum Cobalt Corp.
"	2017-11-07	-60320.0
2018-12-18	0.22	0.23	0.22	0.23	121215	0.0	0.24	0.25	0.25	245943.0	206796.4	246276.75	QCA	Quinsam Capital Corporation	2007-12-10	-124728.0
2018-12-18	0.16	0.16	0.15	0.15	8500	-0.01	0.15	0.16	0.16	18833.2	25526.3	25730.55	QQ	Quizam Media Corp.	2018-07-12	-10333.2
2018-12-18	0.02	0.02	0.02	0.02	0	0.0	0.05	0.07	0.08	1800.0	900.0	450.0	QMI	Qwick Media Inc. 	2015-03-20	-1800.0
2018-12-18	0.0	0.0	0.0	0.0	891156	0.0	0.0	0.0	0.0	178231.2	90195.6	45097.8	RGO	"Range Energy Resources Inc.
"	2011-11-17	712924.8
2018-12-18	0.48	0.54	0.46	0.51	334888	0.05	0.48	0.49	0.5	171127.6	188673.2	208711.0	RQB	"Ravenquest BioMed Inc.
"	2017-10-04	163760.4
2018-12-18	0.06	0.06	0.06	0.06	0	0.0	0.06	0.06	0.07	0.0	0.0	450.0	RZR	Razore Rock Resources Inc.	2011-02-14	0.0
2018-12-18	0.28	0.28	0.27	0.27	3300	0.0	0.28	0.28	0.29	25180.0	81966.0	139305.1	LOAN	"Redfund Capital Corp. 
"	2018-08-14	-21880.0
2018-12-18	0.23	0.23	0.22	0.22	60000	-0.01	0.22	0.22	0.23	40230.0	65522.5	82871.45	RELA	"Relay Medical Corp.
"	2018-07-09	19770.0
2018-12-18	0.04	0.04	0.04	0.04	27200	0.0	0.04	0.04	0.04	182240.0	103320.0	57442.5	RFR	Renforth Resources Inc.	2009-09-14	-155040.0
2018-12-18	0.02	0.02	0.02	0.02	0	0.0	0.02	0.02	0.02	18820.0	32039.0	68248.5	REO	Reservoir Capital Corp.	2018-09-28	-18820.0
2018-12-18	0.1	0.11	0.1	0.11	65500	-0.02	0.13	0.14	0.14	106900.0	61958.5	115252.75	RIN	Resinco Capital Partners Inc.	2018-05-28	-41400.0
2018-12-18	0.08	0.08	0.07	0.07	53500	-0.01	0.08	0.08	0.08	12700.0	76950.0	123055.0	RVR	Rift Valley Resources Corp. 	2013-08-28	40800.0
2018-12-18	0.08	0.09	0.08	0.08	411900	-0.01	0.08	0.09	0.09	756751.2	1313767.4	912583.75	RISE	"Rise Gold Corp.
"	2017-04-07	-344851.2
2018-12-18	0.17	0.17	0.15	0.15	67250	-0.04	0.17	0.15	0.15	73650.0	78325.0	79462.5	RLSC	"RISE Life Science Corp.
"	2018-03-14	-6400.0
2018-12-18	0.57	0.57	0.55	0.55	49000	-0.02	0.57	0.58	0.64	9800.0	9400.0	4700.0	RWI	River Wild Exploration Inc. 	2013-02-27	39200.0
2018-12-18	1.4	1.4	1.4	1.4	0	0.0	1.4	1.4	1.4	0.0	0.0	0.0	RIW	RIWI Corp. 	2015-08-31	0.0
2018-12-18	1.0	1.0	1.0	1.0	2000	-0.4	1.32	1.2	1.11	2060.0	3455.0	7507.5	RMMI	RMMI Corp.	2018-09-25	-60.0
2018-12-18	0.04	0.04	0.04	0.04	0	0.0	0.04	0.04	0.05	0.0	0.0	0.0	RZX	"Robix Environmental Technologies, Inc.
"	2013-09-26	0.0
2018-12-18	0.06	0.06	0.06	0.06	0	0.0	0.06	0.06	0.06	13200.0	6600.0	3300.0	RXM	Rockex Mining Corporation 	2013-11-29	-13200.0
2018-12-18	0.1	0.1	0.1	0.1	1000	-0.02	0.11	0.1	0.11	3200.0	8241.0	12116.5	RKS	"Rockshield Capital Corp.
"	2014-05-30	-2200.0
2018-12-18	1.75	1.75	1.62	1.7	42390	0.03	1.73	1.81	1.9	11598.0	9076.5	8698.25	ROMJ	Rubicon Organics Inc.	2018-10-10	30792.0
2018-12-05	0.42	0.42	0.42	0.42	0	0.0	0.42	0.42	0.42	0.0	0.0	0.0	SV	Sante Veritas Holdings Inc. 	2018-05-10	0.0
2018-12-18	0.38	0.38	0.38	0.38	0	0.0	0.4	0.41	0.45	2048.0	1137.4	2062.1	SBD	SBD Capital Corp.	2018-02-02	-2048.0
2018-10-26	3.24	3.26	3.06	3.17	73222	0.0	3.18	3.17	3.36	92820.8	167926.3	271527.25	SCYB	Scythian Biosciences Corp.	2018-08-15	-19598.8
2018-12-18	0.34	0.38	0.34	0.38	1500	0.0	0.38	0.37	0.37	1100.0	3750.0	8900.0	SHV	"Seahawk Ventures Inc.
"	2016-03-01	400.0
2018-12-18	0.02	0.02	0.02	0.02	15000	-0.01	0.03	0.03	0.03	43000.0	33000.0	45450.0	SRS	Shamrock Enterprises Inc.	2010-11-10	-28000.0
2018-12-18	0.27	0.28	0.25	0.28	62000	0.01	0.29	0.3	0.31	67257.2	45328.6	53032.95	SHRC	"Sharc International Systems Inc.
"	2017-09-11	-5257.2
2018-12-18	0.02	0.04	0.02	0.04	290000	0.02	0.02	0.03	0.02	124880.0	63040.0	41810.0	SHP	Shoal Point Energy Ltd.	2010-11-23	165120.0
2018-12-18	0.09	0.09	0.09	0.09	0	0.0	0.09	0.09	0.09	3600.0	2700.0	2250.0	SP	Silver Phoenix Resources Inc.	2009-04-08	-3600.0
2018-12-18	0.07	0.12	0.07	0.1	38000	0.01	0.08	0.08	0.09	165600.0	98300.0	49150.0	SIG	Sitka Gold Corp.	2018-01-31	-127600.0
2018-12-18	0.06	0.06	0.06	0.06	36000	0.0	0.06	0.06	0.06	55200.0	99526.4	57913.2	SXTY	Sixty North Gold Mining Ltd. 	2018-04-19	-19200.0
2018-12-18	0.23	0.23	0.18	0.18	31500	-0.02	0.21	0.21	0.2	6300.0	3300.0	5717.55	SONA	Sona Nanotech Inc.	2018-10-04	25200.0
2018-12-18	0.34	0.34	0.31	0.31	64300	-0.03	0.33	0.34	0.34	58504.0	97275.0	86653.6	EASY	"SpeakEasy Cannabis Club Ltd.
"	2018-04-04	5796.0
2018-12-18	0.04	0.04	0.03	0.04	5356466	0.0	0.04	0.04	0.04	1182293.2	647946.6	880023.3	SPMT	Spearmint Resources Inc.	2018-10-01	4174172.8
2018-12-18	0.07	0.07	0.07	0.07	100000	0.0	0.07	0.07	0.07	40000.0	25000.0	50200.0	SPEY	Spey Resources Corp. 	2018-08-24	60000.0
2018-12-18	0.14	0.14	0.14	0.14	0	0.0	0.14	0.14	0.14	0.0	0.0	0.0	SPO	"SponsorsOne Inc. 
"	2013-12-23	0.0
2018-12-18	0.48	0.48	0.42	0.42	294053	-0.04	0.46	0.47	0.45	379912.2	690619.6	757354.6	SPR	"Sproutly Canada Inc.
"	2018-07-09	-85859.2
2018-12-18	0.1	0.1	0.1	0.1	0	0.0	0.1	0.1	0.1	0.0	0.0	0.0	SQX	Squatex Energy and Ressources Inc.	2017-04-04	0.0
2018-12-18	0.25	0.26	0.23	0.24	24260	0.0	0.24	0.26	0.27	91776.0	67307.5	66020.05	SQR	Squire Mining Ltd. 	2015-06-16	-67516.0
2018-12-18	0.06	0.06	0.06	0.06	118000	-0.01	0.06	0.07	0.07	58686.0	67424.5	91802.25	SNA	Star Navigation Systems Group LTD	2017-04-07	59314.0
2018-12-18	1.05	1.05	1.05	1.05	0	0.0	1.05	1.05	1.05	0.0	50.0	85.0	STX	"Starrex International Ltd.
"	2013-12-10	0.0
2018-12-18	0.02	0.02	0.02	0.02	21000	0.0	0.02	0.02	0.02	313804.4	245052.2	143536.55	JOB	StartMonday Technology Corp. 	2016-10-24	-292804.4
2018-12-18	2.68	2.68	2.68	2.68	0	0.0	2.75	2.79	2.76	727.6	939.2	854.6	STEM	Stem Holdings Inc.	2018-07-16	-727.6
2018-12-18	0.06	0.06	0.06	0.06	141982	0.0	0.06	0.06	0.06	248802.8	186897.9	158473.85	SX	"St-Georges Eco-Mining Corp. 
"	2017-12-22	-106820.8
2018-12-18	0.05	0.05	0.05	0.05	9500	-0.0	0.05	0.05	0.05	1900.0	7250.0	5375.0	SAAS	"Subscribe Technologies Inc.
"	2017-01-11	7600.0
2018-12-18	3.16	3.23	3.07	3.17	50200	-0.03	3.21	3.28	3.25	79085.6	92023.8	103647.85	SNN	Sunniva Inc.	2018-01-10	-28885.6
2018-12-18	0.02	0.02	0.02	0.02	200000	0.0	0.02	0.02	0.02	43000.0	24250.0	17875.0	ABJ	"Supreme Metals Corp.
"	2016-12-28	157000.0
2018-12-18	0.1	0.1	0.1	0.1	0	0.0	0.1	0.1	0.12	26680.0	21510.0	14070.9	SYDF	Syd Financial Inc.	2018-06-28	-26680.0
2018-12-18	0.08	0.08	0.08	0.08	26000	0.01	0.08	0.07	0.07	37800.0	35050.0	19705.0	TGC	Taiga Gold Corp. 	2018-04-30	-11800.0
2018-12-18	0.04	0.04	0.04	0.04	0	0.0	0.04	0.04	0.04	3200.0	1600.0	3500.0	TAK	Taku Gold Corp.	2015-01-06	-3200.0
2018-12-18	0.02	0.02	0.02	0.02	0	0.0	0.01	0.02	0.01	0.0	0.0	0.0	TAI	Talmora Diamond Inc.	2007-05-14	0.0
2018-12-18	0.04	0.04	0.04	0.04	0	0.0	0.04	0.04	0.04	28808.4	22104.2	41774.55	TTX	Tantalex Resources Corporation 	2013-10-22	-28808.4
2018-12-13	0.0	0.05	0.05	0.05	0	-0.04	0.08	0.09	0.09	0.0	0.0	4050.0	TCI	Target Capital Inc. 	2014-07-08	0.0
2018-12-18	0.08	0.08	0.08	0.08	18213	0.0	0.08	0.08	0.08	4401.8	6150.9	7100.3	TENO	Terra Nova Resources Inc.	2018-09-27	13811.2
2018-12-18	6.25	7.02	6.19	7.02	64801	1.0	6.19	6.12	6.25	37994.6	35148.7	39243.7	TER	TerrAscend Corp.	2017-05-03	26806.4
2018-12-18	0.36	0.36	0.31	0.32	1086071	-0.03	0.36	0.37	0.39	332521.0	331352.5	320344.4	THC	THC Biomed Intl Ltd.	2015-04-29	753550.0
2018-12-18	0.5	0.5	0.46	0.46	158795	-0.03	0.51	0.53	0.53	144957.8	134295.1	191216.25	TNY	The Tinley Beverage Company Inc. 	2016-01-28	13837.2
2018-12-18	0.08	0.08	0.07	0.07	145700	-0.0	0.07	0.07	0.07	999341.2	564817.1	506928.05	IDK	"ThreeD Capital Inc. 
"	2016-06-23	-853641.2
2018-12-18	0.17	0.17	0.14	0.14	115079	-0.04	0.15	0.13	0.13	60455.8	34427.9	21713.95	VENI	Top Strike Resources Corp.	2018-09-24	54623.2
2018-12-18	0.06	0.06	0.06	0.06	0	0.0	0.06	0.06	0.05	0.0	0.0	1260.8	TPS	Torino Power Solutions Inc.	2016-04-25	0.0
2018-12-14	0.1	0.1	0.1	0.1	5634	0.01	0.09	0.09	0.09	86441.0	79776.2	81836.75	TO1	"Tower One Wireless Corp.
"	2016-01-26	-80807.0
2018-12-18	0.04	0.04	0.04	0.04	82000	0.0	0.05	0.05	0.05	84620.0	49429.0	56564.8	TOOL	"Trackloop Analytics Corp. 
"	2018-09-25	-2620.0
2018-12-18	0.22	0.22	0.22	0.22	500	0.01	0.21	0.22	0.23	43220.0	27390.0	66542.5	TOKI	Tree of Knowledge International Corp.	2018-07-09	-42720.0
2018-12-18	0.42	0.42	0.41	0.41	31062	0.0	0.41	0.42	0.42	29831.6	37089.4	60492.1	MJ	True Leaf Medicine International Ltd. 	2015-02-09	1230.4
2018-12-18	0.07	0.07	0.07	0.07	2577	-0.03	0.08	0.09	0.09	2515.4	1957.7	1128.85	UBQ	Ubique Minerals Inc.	2018-09-12	61.6
2018-12-18	0.44	0.44	0.44	0.44	0	0.0	0.44	0.44	0.44	0.0	0.0	0.0	UBM	"United Battery Metals Corp.
"	2018-08-20	0.0
2018-12-18	0.19	0.19	0.17	0.17	8500	-0.02	0.19	0.18	0.17	1700.0	1450.0	1010.0	UPCO	"Upco International Inc.
"	2017-11-03	6800.0
2018-12-18	0.0	0.0	0.0	0.0	5000	0.0	0.0	0.0	0.0	253840.0	177030.0	190815.0	UP	"UpSnap, Inc.
"	2014-07-25	-248840.0
2018-12-18	1.51	1.52	1.43	1.49	157351	-0.02	1.53	1.56	1.54	245498.2	339640.8	257024.85	VGW	"Valens Groworks Corp.
"	2016-11-24	-88147.2
2018-12-18	0.01	0.01	0.01	0.01	0	0.0	0.01	0.01	0.01	0.0	0.0	4440.6	VCT	"Velocity Data Inc.
"	2014-08-14	0.0
2018-12-18	0.1	0.11	0.1	0.1	191416	-0.02	0.11	0.11	0.12	71789.6	78226.4	93640.2	VRT	"Veritas Pharma Inc.
"	2015-12-29	119626.4
2018-12-18	0.22	0.22	0.22	0.22	467500	0.0	0.24	0.24	0.23	129110.8	69307.5	48212.3	VS	"Versus Systems Inc.
"	2016-07-13	338389.2
2018-12-18	0.02	0.02	0.01	0.01	70040	-0.02	0.02	0.02	0.02	18808.0	16757.3	10241.35	NI	Victory Nickel Inc.	2016-02-22	51232.0
2018-12-18	0.46	0.48	0.46	0.46	23715	0.0	0.47	0.48	0.49	24413.0	28319.6	31586.4	VST	"Victory Square Technologies Inc. 
"	2017-06-09	-698.0
2018-12-18	0.52	0.52	0.52	0.52	0	0.0	0.52	0.52	0.52	0.0	0.0	0.0	VIN	"Vinergy Resources Ltd.
"	2011-06-20	0.0
2018-12-18	0.18	0.18	0.18	0.18	0	0.0	0.21	0.21	0.21	716.4	487.3	2493.65	VAI	"VirtualArmour International Inc.
"	2015-11-24	-716.4
2018-12-18	0.1	0.1	0.08	0.1	170391	0.0	0.1	0.1	0.1	66038.2	133327.1	101053.0	VP	"Vodis Pharmaceuticals Inc. 
"	2014-07-29	104352.8
2018-12-18	0.07	0.07	0.06	0.07	132000	0.0	0.07	0.06	0.06	539818.0	2017299.6	2684166.3	VGO	Vogogo Inc.	2018-01-19	-407818.0
2018-12-18	0.1	0.1	0.1	0.1	307000	0.0	0.1	0.1	0.11	477040.0	433636.0	563855.25	YOLO	"Weekend Unlimited Inc.
"	2018-10-15	-170040.0
2018-12-17	0.0	0.0	0.0	0.0	0	0.0	0.0	0.0	0.01	0.0	0.0	0.0	WEI	West Isle Energy Inc.	2009-04-20	0.0
2018-12-18	0.06	0.06	0.06	0.06	45000	0.0	0.06	0.06	0.06	20200.0	24000.0	47202.3	RLG	"West Red Lake Gold Mines Inc.
"	2012-06-29	24800.0
2018-12-18	1.45	1.45	1.33	1.4	44921	-0.03	1.46	1.49	1.55	27216.2	37496.3	46978.05	WUC	"Western Uranium & Vanadium Corp.
"	2014-11-24	17704.8
2018-10-19	0.6	0.6	0.6	0.6	0	0.0	0.6	0.6	0.6	0.0	0.0	0.0	WST	Westridge Resources Inc.	2017-10-17	0.0
2018-12-18	0.57	0.57	0.5	0.52	34292	-0.02	0.57	0.58	0.58	47813.6	34746.8	57186.05	SUN	"Wildflower Brands Inc.
"	2018-05-03	-13521.6
2018-12-18	0.04	0.04	0.04	0.04	23250	0.0	0.03	0.04	0.04	4650.0	32325.0	23992.5	WGC	Winston Gold Corp. 	2016-03-29	18600.0
2018-12-18	0.02	0.02	0.02	0.02	30000	0.0	0.02	0.03	0.02	6000.0	3100.0	19401.65	WRW	"Winston Resources Inc. 
"	2012-06-25	24000.0
2018-12-14	0.2	0.2	0.2	0.2	0	0.0	0.2	0.2	0.2	0.0	0.0	0.0	WSM	World Mahjong Limited 	2015-12-01	0.0
2018-12-18	0.17	0.17	0.17	0.17	0	0.0	0.17	0.17	0.17	0.0	0.0	1575.0	XRX	"XORTX Therapeutics Inc.
"	2018-01-11	0.0
2018-12-18	0.12	0.15	0.12	0.15	48000	0.02	0.13	0.13	0.13	10478.0	5239.0	38619.5	ZBR	Zanzibar Gold Inc.	2018-07-20	37522.0
2018-12-18	0.07	0.07	0.07	0.07	0	0.0	0.07	0.07	0.07	0.0	0.0	0.0	ZRI	Zara Resources Inc. 	2012-12-10	0.0
2018-12-18	0.04	0.04	0.04	0.04	0	0.0	0.04	0.04	0.04	0.0	0.0	0.0	ZX	Zenith Exploration Inc.	2018-10-11	0.0
2018-12-18	0.36	0.36	0.33	0.34	25400	0.0	0.33	0.32	0.33	52080.0	50054.0	37202.0	ZTE	Ztest Electronics Inc	2015-09-08	-26680.0
